<window id="2003">
	<defaultcontrol always="true">49</defaultcontrol>
	<allowoverlay>no</allowoverlay>
	<include>Window_OpenClose_Animation_Zoom</include>
	<coordinates>
		<system>1</system>
		<posx>140</posx>
		<posy>30</posy>
	</coordinates>
	<controls>
		<control type="image">
			<posx>0</posx>
			<posy>0</posy>
			<width>1000</width>
			<height>60</height>
			<texture border="5">DialogHeader.png</texture>
		</control>
		<control type="label">
			<description>header label</description>
			<posx>20</posx>
			<posy>0</posy>
			<include>WindowTitleCommons</include>
			<width>910</width>
			<label>$INFO[Listitem.Title]</label>
		</control>
		<control type="group">
			<posx>930</posx>
			<posy>0</posy>
			<include>DialogCloseButtonCommons</include>
		</control>

		<control type="image">
			<posx>0</posx>
			<posy>60</posy>
			<width>1000</width>
			<height>840</height>
			<texture border="5">DialogBack.png</texture>
		</control>

		<control type="group">
			<visible>[!container.content(tvshows) + !container.content(episodes) + !container.content(musicvideos)] + !Control.IsVisible(50)</visible>
			<posy>70</posy>
			<posx>20</posx>
			<include>VisibleFadeEffect</include>
			<control type="image">
				<posx>0</posx>
				<posy>0</posy>
				<width>240</width>
				<height>330</height>
				<aspectratio>keep</aspectratio>
				<bordertexture border="8">ThumbShadow.png</bordertexture>
				<bordersize>8</bordersize>
				<texture background="true">$INFO[ListItem.Icon]</texture>
			</control>
			<control type="label">
				<posx>260</posx>
				<posy>0</posy>
				<width>700</width>
				<height>30</height>
				<font>font13_title</font>
				<textcolor>black</textcolor>
				<align>left</align>
				<aligny>center</aligny>
				<label>$LOCALIZE[207]$INFO[Container(600).CurrentPage, ( $LOCALIZE[31024] ]$INFO[Container(600).NumPages,/, )]</label>
			</control>
			<control type="textbox" id="600">
				<description>Description Value for Movies</description>
				<posx>260</posx>
				<posy>30</posy>
				<width>700</width>
				<height>290</height>
				<font>font13</font>
				<textcolor>black</textcolor>
				<pagecontrol>-</pagecontrol>
				<label>$INFO[ListItem.Plot]</label>
			</control>
			<control type="grouplist">
				<description>Media Codec Flagging Images</description>
				<posx>0</posx>
				<posy>340</posy>
				<width>960</width>
				<height>45</height>
				<align>center</align>
				<itemgap>5</itemgap>
				<orientation>horizontal</orientation>
				<include>VisibleFadeEffect</include>
				<visible>Container.Content(Movies) | Container.Content(Episodes) | Container.Content(MusicVideos)</visible>
				<include>VideoCodecFlaggingConditions</include>
				<include>AudioCodecFlaggingConditions</include>
				<include>AudioChannelsFlaggingConditions</include>
				<include>AspectCodecFlaggingConditions</include>
				<include>VideoTypeHackFlaggingConditions</include>
			</control>
			<control type="image">
				<posx>0</posx>
				<posy>390</posy>
				<width>960</width>
				<height>5</height>
				<texture>separator.png</texture>
			</control>
			<control type="list" id="49">
				<posx>0</posx>
				<posy>400</posy>
				<width>960</width>
				<height>330</height>
				<onleft>49</onleft>
				<onright>49</onright>
				<onup>9000</onup>
				<ondown>61</ondown>
				<pagecontrol>-</pagecontrol>
				<scrolltime>200</scrolltime>
				<itemlayout height="30">
					<control type="label">
						<posx>200</posx>
						<posy>0</posy>
						<width>160</width>
						<height>30</height>
						<font>font13_title</font>
						<align>right</align>
						<aligny>center</aligny>
						<textcolor>black</textcolor>
						<selectedcolor>selected</selectedcolor>
						<info>ListItem.Label</info>
					</control>
					<control type="label">
						<posx>210</posx>
						<posy>0</posy>
						<width>750</width>
						<height>30</height>
						<font>font13</font>
						<align>left</align>
						<aligny>center</aligny>
						<textcolor>black</textcolor>
						<selectedcolor>white</selectedcolor>
						<info>ListItem.Label2</info>
					</control>
				</itemlayout>
				<focusedlayout height="30">
					<control type="label">
						<posx>200</posx>
						<posy>0</posy>
						<width>160</width>
						<height>30</height>
						<font>font13_title</font>
						<align>right</align>
						<aligny>center</aligny>
						<textcolor>black</textcolor>
						<selectedcolor>selected</selectedcolor>
						<info>ListItem.Label</info>
					</control>
					<control type="label">
						<posx>210</posx>
						<posy>0</posy>
						<width>750</width>
						<height>30</height>
						<font>font13</font>
						<align>left</align>
						<aligny>center</aligny>
						<textcolor>black</textcolor>
						<selectedcolor>white</selectedcolor>
						<info>ListItem.Label2</info>
					</control>
				</focusedlayout>
				<content>
					<item>
						<label>$LOCALIZE[20376]:</label>
						<label2>$INFO[ListItem.OriginalTitle]</label2>
						<onclick>-</onclick>
						<visible>!IsEmpty(ListItem.OriginalTitle) + !stringcompare(ListItem.OriginalTitle,Listitem.Title)</visible>
					</item>
					<item>
						<label>$LOCALIZE[20339]:</label>
						<label2>$INFO[ListItem.Director]</label2>
						<onclick>-</onclick>
						<visible>!IsEmpty(ListItem.Director)</visible>
					</item>
					<item>
						<label>$LOCALIZE[20417]:</label>
						<label2>$INFO[ListItem.Writer]</label2>
						<onclick>-</onclick>
						<visible>!IsEmpty(ListItem.Writer)</visible>
					</item>
					<item>
						<label>$LOCALIZE[572]:</label>
						<label2>$INFO[ListItem.Studio]</label2>
						<onclick>-</onclick>
						<visible>!IsEmpty(ListItem.Studio)</visible>
					</item>
					<item>
						<label>$LOCALIZE[515]:</label>
						<label2>$INFO[ListItem.Genre]</label2>
						<onclick>-</onclick>
						<visible>!IsEmpty(ListItem.Genre)</visible>
					</item>
					<item>
						<label>$LOCALIZE[562]:</label>
						<label2>$INFO[ListItem.Year]</label2>
						<onclick>-</onclick>
						<visible>!IsEmpty(ListItem.Year)</visible>
					</item>
					<item>
						<label>$LOCALIZE[2050]:</label>
						<label2>$INFO[ListItem.Duration] $LOCALIZE[12391]</label2>
						<onclick>-</onclick>
						<visible>!IsEmpty(ListItem.Duration)</visible>
					</item>
					<item>
						<label>$LOCALIZE[563]:</label>
						<label2>$INFO[ListItem.RatingAndVotes]</label2>
						<onclick>-</onclick>
						<visible>!IsEmpty(ListItem.RatingAndVotes)</visible>
					</item>
					<item>
						<label>$LOCALIZE[202]:</label>
						<label2>$INFO[ListItem.TagLine]</label2>
						<onclick>-</onclick>
						<visible>!IsEmpty(ListItem.TagLine)</visible>
					</item>
					<item>
						<label>$LOCALIZE[203]:</label>
						<label2>$INFO[ListItem.PlotOutline]</label2>
						<onclick>-</onclick>
						<visible>!IsEmpty(ListItem.PlotOutline)</visible>
					</item>
					<item>
						<label>$LOCALIZE[20074]:</label>
						<label2>$INFO[ListItem.mpaa]</label2>
						<onclick>-</onclick>
						<visible>!IsEmpty(ListItem.mpaa)</visible>
					</item>
					<item>
						<label>$LOCALIZE[15311]</label>
						<label2>$INFO[ListItem.FilenameAndPath]</label2>
						<onclick>-</onclick>
						<visible>!IsEmpty(ListItem.FilenameAndPath)</visible>
					</item>
				</content>
			</control>
		</control>

		<control type="group">
			<visible>Container.Content(TVShows) + !Control.IsVisible(50)</visible>
			<posy>70</posy>
			<posx>20</posx>
			<include>VisibleFadeEffect</include>
			<control type="image">
				<posx>0</posx>
				<posy>0</posy>
				<width>960</width>
				<height>140</height>
				<aspectratio>keep</aspectratio>
				<bordertexture border="8">ThumbShadow.png</bordertexture>
				<bordersize>8</bordersize>
				<texture background="true">$INFO[ListItem.Icon]</texture>
			</control>
			<control type="label">
				<posx>10</posx>
				<posy>150</posy>
				<width>940</width>
				<height>30</height>
				<font>font13_title</font>
				<textcolor>black</textcolor>
				<align>left</align>
				<aligny>center</aligny>
				<label>$LOCALIZE[207]$INFO[Container(601).CurrentPage, ( $LOCALIZE[31024] ]$INFO[Container(601).NumPages,/, )]</label>
			</control>
			<control type="textbox" id="601">
				<description>Description Value for TV SHows</description>
				<posx>10</posx>
				<posy>180</posy>
				<width>940</width>
				<height>240</height>
				<font>font13</font>
				<textcolor>black</textcolor>
				<pagecontrol>-</pagecontrol>
				<label>$INFO[ListItem.Plot]</label>
			</control>
			<control type="image">
				<posx>0</posx>
				<posy>450</posy>
				<width>960</width>
				<height>5</height>
				<texture>separator.png</texture>
			</control>
			<control type="list" id="49">
				<posx>0</posx>
				<posy>460</posy>
				<width>960</width>
				<height>270</height>
				<onleft>49</onleft>
				<onright>49</onright>
				<onup>9000</onup>
				<ondown>61</ondown>
				<pagecontrol>-</pagecontrol>
				<scrolltime>200</scrolltime>
				<itemlayout height="30">
					<control type="label">
						<posx>200</posx>
						<posy>0</posy>
						<width>160</width>
						<height>30</height>
						<font>font13_title</font>
						<align>right</align>
						<aligny>center</aligny>
						<textcolor>black</textcolor>
						<selectedcolor>selected</selectedcolor>
						<info>ListItem.Label</info>
					</control>
					<control type="label">
						<posx>210</posx>
						<posy>0</posy>
						<width>750</width>
						<height>30</height>
						<font>font13</font>
						<align>left</align>
						<aligny>center</aligny>
						<textcolor>black</textcolor>
						<selectedcolor>white</selectedcolor>
						<info>ListItem.Label2</info>
					</control>
				</itemlayout>
				<focusedlayout height="30">
					<control type="label">
						<posx>200</posx>
						<posy>0</posy>
						<width>160</width>
						<height>30</height>
						<font>font13_title</font>
						<align>right</align>
						<aligny>center</aligny>
						<textcolor>black</textcolor>
						<selectedcolor>selected</selectedcolor>
						<info>ListItem.Label</info>
					</control>
					<control type="label">
						<posx>210</posx>
						<posy>0</posy>
						<width>750</width>
						<height>30</height>
						<font>font13</font>
						<align>left</align>
						<aligny>center</aligny>
						<textcolor>black</textcolor>
						<selectedcolor>white</selectedcolor>
						<info>ListItem.Label2</info>
					</control>
				</focusedlayout>
				<content>
					<item>
						<label>$LOCALIZE[20360]:</label>
						<label2>$INFO[listitem.episode] ($INFO[ListItem.Property(WatchedEpisodes),, $LOCALIZE[16102]] - $INFO[ListItem.Property(UnWatchedEpisodes), , $LOCALIZE[16101]])</label2>
						<onclick>-</onclick>
						<visible>!IsEmpty(ListItem.Episode)</visible>
					</item>
					<item>
						<label>$LOCALIZE[31322]:</label>
						<label2>$INFO[ListItem.Premiered]</label2>
						<onclick>-</onclick>
						<visible>!IsEmpty(ListItem.Premiered)</visible>
					</item>
					<item>
						<label>$LOCALIZE[515]:</label>
						<label2>$INFO[ListItem.Genre]</label2>
						<onclick>-</onclick>
						<visible>!IsEmpty(ListItem.Genre)</visible>
					</item>
					<item>
						<label>$LOCALIZE[562]:</label>
						<label2>$INFO[ListItem.Year]</label2>
						<onclick>-</onclick>
						<visible>!IsEmpty(ListItem.Year)</visible>
					</item>
					<item>
						<label>$LOCALIZE[563]:</label>
						<label2>$INFO[ListItem.Rating]</label2>
						<onclick>-</onclick>
						<visible>!IsEmpty(ListItem.Rating)</visible>
					</item>
					<item>
						<label>$LOCALIZE[15311]</label>
						<label2>$INFO[ListItem.FilenameAndPath]</label2>
						<onclick>-</onclick>
						<visible>!IsEmpty(ListItem.FilenameAndPath)</visible>
					</item>
				</content>
			</control>
		</control>

		<control type="group">
			<visible>Container.Content(Episodes) + !Control.IsVisible(50)</visible>
			<posy>70</posy>
			<posx>20</posx>
			<include>VisibleFadeEffect</include>
			<control type="image">
				<posx>0</posx>
				<posy>0</posy>
				<width>450</width>
				<height>330</height>
				<aspectratio>scale</aspectratio>
				<bordertexture border="8">ThumbShadow.png</bordertexture>
				<bordersize>8</bordersize>
				<texture background="true">$INFO[ListItem.Icon]</texture>
			</control>
			<control type="label">
				<posx>460</posx>
				<posy>0</posy>
				<width>500</width>
				<height>30</height>
				<font>font13_title</font>
				<textcolor>black</textcolor>
				<align>left</align>
				<aligny>center</aligny>
				<label>$LOCALIZE[207]$INFO[Container(602).CurrentPage, ( $LOCALIZE[31024] ]$INFO[Container(602).NumPages,/, )]</label>
			</control>
			<control type="textbox" id="602">
				<description>Description Value for Episode</description>
				<posx>460</posx>
				<posy>30</posy>
				<width>500</width>
				<height>290</height>
				<font>font13</font>
				<textcolor>black</textcolor>
				<pagecontrol>-</pagecontrol>
				<label>$INFO[ListItem.Plot]</label>
			</control>
			<control type="grouplist">
				<description>Media Codec Flagging Images</description>
				<posx>0</posx>
				<posy>340</posy>
				<width>960</width>
				<height>45</height>
				<align>center</align>
				<itemgap>5</itemgap>
				<orientation>horizontal</orientation>
				<include>VisibleFadeEffect</include>
				<visible>Container.Content(Movies) | Container.Content(Episodes) | Container.Content(MusicVideos)</visible>
				<include>VideoCodecFlaggingConditions</include>
				<include>AudioCodecFlaggingConditions</include>
				<include>AudioChannelsFlaggingConditions</include>
				<include>AspectCodecFlaggingConditions</include>
				<include>VideoTypeHackFlaggingConditions</include>
			</control>
			<control type="image">
				<posx>0</posx>
				<posy>390</posy>
				<width>960</width>
				<height>5</height>
				<texture>separator.png</texture>
			</control>
			<control type="list" id="49">
				<posx>0</posx>
				<posy>400</posy>
				<width>960</width>
				<height>330</height>
				<onleft>49</onleft>
				<onright>49</onright>
				<onup>9000</onup>
				<ondown>61</ondown>
				<pagecontrol>-</pagecontrol>
				<scrolltime>200</scrolltime>
				<itemlayout height="30">
					<control type="label">
						<posx>200</posx>
						<posy>0</posy>
						<width>160</width>
						<height>30</height>
						<font>font13_title</font>
						<align>right</align>
						<aligny>center</aligny>
						<textcolor>black</textcolor>
						<selectedcolor>selected</selectedcolor>
						<info>ListItem.Label</info>
					</control>
					<control type="label">
						<posx>210</posx>
						<posy>0</posy>
						<width>750</width>
						<height>30</height>
						<font>font13</font>
						<align>left</align>
						<aligny>center</aligny>
						<textcolor>black</textcolor>
						<selectedcolor>white</selectedcolor>
						<info>ListItem.Label2</info>
					</control>
				</itemlayout>
				<focusedlayout height="30">
					<control type="label">
						<posx>200</posx>
						<posy>0</posy>
						<width>160</width>
						<height>30</height>
						<font>font13_title</font>
						<align>right</align>
						<aligny>center</aligny>
						<textcolor>black</textcolor>
						<selectedcolor>selected</selectedcolor>
						<info>ListItem.Label</info>
					</control>
					<control type="label">
						<posx>210</posx>
						<posy>0</posy>
						<width>750</width>
						<height>30</height>
						<font>font13</font>
						<align>left</align>
						<aligny>center</aligny>
						<textcolor>black</textcolor>
						<selectedcolor>white</selectedcolor>
						<info>ListItem.Label2</info>
					</control>
				</focusedlayout>
				<content>
					<item>
						<label>$LOCALIZE[20364]:</label>
						<label2>$INFO[ListItem.TVShowTitle]</label2>
						<onclick>-</onclick>
						<visible>!IsEmpty(ListItem.TVShowTitle)</visible>
					</item>
					<item>
						<label>$LOCALIZE[20373]:</label>
						<label2>$INFO[ListItem.Season]</label2>
						<onclick>-</onclick>
						<visible>!IsEmpty(ListItem.Season)</visible>
					</item>
					<item>
						<label>$LOCALIZE[20359]:</label>
						<label2>$INFO[ListItem.Episode]</label2>
						<onclick>-</onclick>
						<visible>!IsEmpty(ListItem.Episode)</visible>
					</item>
					<item>
						<label>$LOCALIZE[31322]:</label>
						<label2>$INFO[ListItem.Premiered]</label2>
						<onclick>-</onclick>
						<visible>!IsEmpty(ListItem.Premiered)</visible>
					</item>
					<item>
						<label>$LOCALIZE[515]:</label>
						<label2>$INFO[ListItem.Genre]</label2>
						<onclick>-</onclick>
						<visible>!IsEmpty(ListItem.Genre)</visible>
					</item>
					<item>
						<label>$LOCALIZE[20339]:</label>
						<label2>$INFO[ListItem.Director]</label2>
						<onclick>-</onclick>
						<visible>!IsEmpty(ListItem.Director)</visible>
					</item>
					<item>
						<label>$LOCALIZE[20417]:</label>
						<label2>$INFO[ListItem.Writer]</label2>
						<onclick>-</onclick>
						<visible>!IsEmpty(ListItem.Writer)</visible>
					</item>
					<item>
						<label>$LOCALIZE[562]:</label>
						<label2>$INFO[ListItem.Year]</label2>
						<onclick>-</onclick>
						<visible>!IsEmpty(ListItem.Year)</visible>
					</item>
					<item>
						<label>$LOCALIZE[2050]:</label>
						<label2>$INFO[ListItem.Duration] $LOCALIZE[12391]</label2>
						<onclick>-</onclick>
						<visible>!IsEmpty(ListItem.Duration)</visible>
					</item>
					<item>
						<label>$LOCALIZE[563]:</label>
						<label2>$INFO[ListItem.Rating]</label2>
						<onclick>-</onclick>
						<visible>!IsEmpty(ListItem.Rating)</visible>
					</item>
					<item>
						<label>$LOCALIZE[15311]</label>
						<label2>$INFO[ListItem.FilenameAndPath]</label2>
						<onclick>-</onclick>
						<visible>!IsEmpty(ListItem.FilenameAndPath)</visible>
					</item>
				</content>
			</control>
		</control>

		<control type="group">
			<visible>Container.Content(MusicVideos) + !Control.IsVisible(50)</visible>
			<posy>70</posy>
			<posx>20</posx>
			<include>VisibleFadeEffect</include>
			<control type="image">
				<posx>0</posx>
				<posy>0</posy>
				<width>450</width>
				<height>330</height>
				<aspectratio>scale</aspectratio>
				<bordertexture border="8">ThumbShadow.png</bordertexture>
				<bordersize>8</bordersize>
				<texture background="true">$INFO[ListItem.Icon]</texture>
			</control>
			<control type="label">
				<posx>460</posx>
				<posy>0</posy>
				<width>500</width>
				<height>30</height>
				<font>font13_title</font>
				<textcolor>black</textcolor>
				<align>left</align>
				<aligny>center</aligny>
				<label>$LOCALIZE[207]$INFO[Container(603).CurrentPage, ( $LOCALIZE[31024] ]$INFO[Container(603).NumPages,/, )]</label>
			</control>
			<control type="textbox" id="603">
				<description>Description Value for Episode</description>
				<posx>460</posx>
				<posy>30</posy>
				<width>500</width>
				<height>290</height>
				<font>font13</font>
				<textcolor>black</textcolor>
				<pagecontrol>-</pagecontrol>
				<label>$INFO[ListItem.Plot]</label>
			</control>
			<control type="grouplist">
				<description>Media Codec Flagging Images</description>
				<posx>0</posx>
				<posy>340</posy>
				<width>960</width>
				<height>45</height>
				<align>center</align>
				<itemgap>5</itemgap>
				<orientation>horizontal</orientation>
				<include>VisibleFadeEffect</include>
				<visible>Container.Content(Movies) | Container.Content(Episodes) | Container.Content(MusicVideos)</visible>
				<include>VideoCodecFlaggingConditions</include>
				<include>AudioCodecFlaggingConditions</include>
				<include>AudioChannelsFlaggingConditions</include>
				<include>AspectCodecFlaggingConditions</include>
				<include>VideoTypeHackFlaggingConditions</include>
			</control>
			<control type="image">
				<posx>0</posx>
				<posy>390</posy>
				<width>960</width>
				<height>5</height>
				<texture>separator.png</texture>
			</control>
			<control type="list" id="49">
				<posx>0</posx>
				<posy>400</posy>
				<width>960</width>
				<height>330</height>
				<onleft>49</onleft>
				<onright>49</onright>
				<onup>9000</onup>
				<ondown>61</ondown>
				<pagecontrol>-</pagecontrol>
				<scrolltime>200</scrolltime>
				<itemlayout height="30">
					<control type="label">
						<posx>200</posx>
						<posy>0</posy>
						<width>160</width>
						<height>30</height>
						<font>font13_title</font>
						<align>right</align>
						<aligny>center</aligny>
						<textcolor>black</textcolor>
						<selectedcolor>selected</selectedcolor>
						<info>ListItem.Label</info>
					</control>
					<control type="label">
						<posx>210</posx>
						<posy>0</posy>
						<width>750</width>
						<height>30</height>
						<font>font13</font>
						<align>left</align>
						<aligny>center</aligny>
						<textcolor>black</textcolor>
						<selectedcolor>white</selectedcolor>
						<info>ListItem.Label2</info>
					</control>
				</itemlayout>
				<focusedlayout height="30">
					<control type="label">
						<posx>200</posx>
						<posy>0</posy>
						<width>160</width>
						<height>30</height>
						<font>font13_title</font>
						<align>right</align>
						<aligny>center</aligny>
						<textcolor>black</textcolor>
						<selectedcolor>selected</selectedcolor>
						<info>ListItem.Label</info>
					</control>
					<control type="label">
						<posx>210</posx>
						<posy>0</posy>
						<width>750</width>
						<height>30</height>
						<font>font13</font>
						<align>left</align>
						<aligny>center</aligny>
						<textcolor>black</textcolor>
						<selectedcolor>white</selectedcolor>
						<info>ListItem.Label2</info>
					</control>
				</focusedlayout>
				<content>
					<item>
						<label>$LOCALIZE[557]:</label>
						<label2>$INFO[ListItem.Artist]</label2>
						<onclick>-</onclick>
						<visible>!IsEmpty(ListItem.Artist)</visible>
					</item>
					<item>
						<label>$LOCALIZE[558]:</label>
						<label2>$INFO[ListItem.Album]</label2>
						<onclick>-</onclick>
						<visible>!IsEmpty(ListItem.Album)</visible>
					</item>
					<item>
						<label>$LOCALIZE[515]:</label>
						<label2>$INFO[ListItem.Genre]</label2>
						<onclick>-</onclick>
						<visible>!IsEmpty(ListItem.Genre)</visible>
					</item>
					<item>
						<label>$LOCALIZE[572]:</label>
						<label2>$INFO[ListItem.Studio]</label2>
						<onclick>-</onclick>
						<visible>!IsEmpty(ListItem.Studio)</visible>
					</item>
					<item>
						<label>$LOCALIZE[20417]:</label>
						<label2>$INFO[ListItem.Writer]</label2>
						<onclick>-</onclick>
						<visible>!IsEmpty(ListItem.Writer)</visible>
					</item>
					<item>
						<label>$LOCALIZE[20339]:</label>
						<label2>$INFO[ListItem.Director]</label2>
						<onclick>-</onclick>
						<visible>!IsEmpty(ListItem.Director)</visible>
					</item>
					<item>
						<label>$LOCALIZE[562]:</label>
						<label2>$INFO[ListItem.Year]</label2>
						<onclick>-</onclick>
						<visible>!IsEmpty(ListItem.Year)</visible>
					</item>
					<item>
						<label>$LOCALIZE[2050]:</label>
						<label2>$INFO[ListItem.Duration] $LOCALIZE[12391]</label2>
						<onclick>-</onclick>
						<visible>!IsEmpty(ListItem.Duration)</visible>
					</item>
					<item>
						<label>$LOCALIZE[15311]</label>
						<label2>$INFO[ListItem.FilenameAndPath]</label2>
						<onclick>-</onclick>
						<visible>!IsEmpty(ListItem.FilenameAndPath)</visible>
					</item>
				</content>
			</control>
		</control>

		<control type="panel" id="50">
			<posx>0</posx>
			<posy>65</posy>
			<width>1000</width>
			<height>702</height>
			<onup>50</onup>
			<onleft>50</onleft>
			<onright>50</onright>
			<ondown>50</ondown>
			<pagecontrol>-</pagecontrol>
			<scrolltime>200</scrolltime>
			<include>VisibleFadeEffect</include>
			<itemlayout height="100" width="500">
				<control type="image">
					<posx>0</posx>
					<posy>-2</posy>
					<width>500</width>
					<height>5</height>
					<texture>separator.png</texture>
				</control>
				<control type="image">
					<posx>10</posx>
					<posy>4</posy>
					<width>100</width>
					<height>92</height>
					<aspectratio>keep</aspectratio>
					<fadetime>IconCrossfadeTime</fadetime>
					<texture>$INFO[ListItem.Icon]</texture>
					<bordertexture border="5">ThumbBorderGrey.png</bordertexture>
					<bordersize>2</bordersize>
				</control>
				<control type="textbox">
					<posx>120</posx>
					<posy>10</posy>
					<width>360</width>
					<height>80</height>
					<font>font13</font>
					<align>left</align>
					<textcolor>black</textcolor>
					<label>$INFO[ListItem.Label]</label>
				</control>
			</itemlayout>
			<focusedlayout height="100" width="500">
				<control type="image">
					<posx>0</posx>
					<posy>-2</posy>
					<width>700</width>
					<height>5</height>
					<texture>separator.png</texture>
				</control>
				<control type="image">
					<posx>10</posx>
					<posy>4</posy>
					<width>100</width>
					<height>92</height>
					<aspectratio>keep</aspectratio>
					<fadetime>IconCrossfadeTime</fadetime>
					<texture>$INFO[ListItem.Icon]</texture>
					<bordertexture border="5">ThumbBorderGrey.png</bordertexture>
					<bordersize>2</bordersize>
				</control>
				<control type="textbox">
					<posx>120</posx>
					<posy>10</posy>
					<width>360</width>
					<height>80</height>
					<font>font13</font>
					<align>left</align>
					<textcolor>black</textcolor>
					<label>$INFO[ListItem.Label]</label>
				</control>
			</focusedlayout>
		</control>
		<control type="label">
			<posx>980</posx>
			<posy>790</posy>
			<width>800</width>
			<height>30</height>
			<font>font13</font>
			<textcolor>black</textcolor>
			<scroll>true</scroll>
			<align>right</align>
			<aligny>center</aligny>
			<label>$INFO[Container(50).CurrentPage, ( $LOCALIZE[31024] ]$INFO[Container(50).NumPages,/, )]</label>
			<visible>Control.IsVisible(50)</visible>
		</control>

		<control type="grouplist" id="9000">
			<posx>20</posx>
			<posy>830</posy>
			<width>960</width>
			<height>50</height>
			<itemgap>2</itemgap>
			<align>center</align>
			<orientation>horizontal</orientation>
			<onleft>9000</onleft>
			<onright>9000</onright>
			<onup>50</onup>
			<ondown>49</ondown>
			<control type="togglebutton" id="8">
				<description>Play/browse to Show</description>
				<include>ButtonInfoDialogsCommonValues</include>
				<label>208</label>
				<alttexturefocus border="5">IconBack-focus.png</alttexturefocus>
				<alttexturenofocus border="5">ListNF.png</alttexturenofocus>
				<altlabel>1024</altlabel>
				<usealttexture>Container.Content(TVShows)</usealttexture>
			</control>
			<control type="button" id="5">
				<description>Cast/Review</description>
				<include>ButtonInfoDialogsCommonValues</include>
				<label>206</label>
			</control>
			<control type="button" id="6">
				<description>Refresh</description>
				<include>ButtonInfoDialogsCommonValues</include>
				<label>184</label>
			</control>
			<control type="button" id="10">
				<description>Get Thumb</description>
				<include>ButtonInfoDialogsCommonValues</include>
				<label>13405</label>
			</control>
			<control type="button" id="12">
				<description>Get Fanart</description>
				<include>ButtonInfoDialogsCommonValues</include>
				<label>20413</label>
			</control>
			<control type="button" id="11">
				<description>Play Trailer</description>
				<include>ButtonInfoDialogsCommonValues</include>
				<label>20410</label>
				<visible>!IsEmpty(ListItem.Trailer) + !Skin.HasSetting(WindowedTrailer)</visible>
			</control>
			<control type="button" id="15">
				<description>Play Trailer Windowed</description>
				<include>ButtonInfoDialogsCommonValues</include>
				<label>20410</label>
				<onclick>PlayMedia($INFO[ListItem.Trailer],1)</onclick>
				<visible>!IsEmpty(ListItem.Trailer) + Skin.HasSetting(WindowedTrailer)</visible>
			</control>
		</control>
	</controls>
</window>
