<window type="dialog" id="134">
	<defaultcontrol always="true">450</defaultcontrol>
	<include>Window_OpenClose_Animation_Zoom</include>
	<coordinates>
		<system>1</system>
		<posx>290</posx>
		<posy>80</posy>
	</coordinates>
	<controls>
		<control type="image">
			<posx>0</posx>
			<posy>0</posy>
			<width>700</width>
			<height>60</height>
			<texture border="5">DialogHeader.png</texture>
		</control>
		<control type="image">
			<posx>0</posx>
			<posy>60</posy>
			<width>700</width>
			<height>740</height>
			<texture border="5">DialogBack.png</texture>
		</control>
		<control type="label">
			<description>header label</description>
			<posx>20</posx>
			<posy>0</posy>
			<include>WindowTitleCommons</include>
			<width>600</width>
			<label>$LOCALIZE[1036]</label>
		</control>
		<control type="group">
			<posx>630</posx>
			<posy>0</posy>
			<include>DialogCloseButtonCommons</include>
		</control>
		<control type="list" id="450">
			<posx>0</posx>
			<posy>60</posy>
			<width>700</width>
			<height>680</height>
			<onup>450</onup>
			<onleft>450</onleft>
			<onright>450</onright>
			<ondown>450</ondown>
			<pagecontrol>-</pagecontrol>
			<scrolltime>200</scrolltime>
			<itemlayout height="80">
				<control type="image">
					<posx>0</posx>
					<posy>-2</posy>
					<width>700</width>
					<height>5</height>
					<texture>separator.png</texture>
				</control>
				<control type="label">
					<posx>20</posx>
					<posy>0</posy>
					<width>530</width>
					<height>80</height>
					<font>font13</font>
					<align>left</align>
					<aligny>center</aligny>
					<textcolor>black</textcolor>
					<selectedcolor>selected</selectedcolor>
					<label>$INFO[ListItem.Label]</label>
				</control>
				<control type="image">
					<posx>560</posx>
					<posy>4</posy>
					<width>120</width>
					<height>72</height>
					<aspectratio align="right">keep</aspectratio>
					<fadetime>IconCrossfadeTime</fadetime>
					<texture>$INFO[ListItem.Icon]</texture>
					<bordertexture border="5">ThumbBorderGrey.png</bordertexture>
					<bordersize>2</bordersize>
				</control>
			</itemlayout>
			<focusedlayout height="80">
				<control type="image">
					<posx>0</posx>
					<posy>-2</posy>
					<width>700</width>
					<height>5</height>
					<texture>separator.png</texture>
				</control>
				<control type="label">
					<posx>20</posx>
					<posy>0</posy>
					<width>530</width>
					<height>80</height>
					<font>font13</font>
					<align>left</align>
					<aligny>center</aligny>
					<textcolor>black</textcolor>
					<selectedcolor>selected</selectedcolor>
					<label>$INFO[ListItem.Label]</label>
				</control>
				<control type="image">
					<posx>560</posx>
					<posy>4</posy>
					<width>120</width>
					<height>72</height>
					<aspectratio align="right">keep</aspectratio>
					<fadetime>IconCrossfadeTime</fadetime>
					<texture>$INFO[ListItem.Icon]</texture>
					<bordertexture border="5">ThumbBorderGrey.png</bordertexture>
					<bordersize>2</bordersize>
				</control>
			</focusedlayout>
		</control>
		<control type="label">
			<description>Page label</description>
			<posx>680</posx>
			<posy>760</posy>
			<width>660</width>
			<height>30</height>
			<align>right</align>
			<aligny>center</aligny>
			<font>font13</font>
			<textcolor>black</textcolor>
			<label>($INFO[Container(450).NumItems]) $LOCALIZE[31025] - $LOCALIZE[31024] ($INFO[Container(450).CurrentPage]/$INFO[Container(450).NumPages])</label>
		</control>
	</controls>
</window>
