<window id="126">
	<defaultcontrol always="true">450</defaultcontrol>
	<allowoverlay>no</allowoverlay>
	<include>Window_OpenClose_Animation_Zoom</include>
	<coordinates>
		<system>1</system>
		<posx>140</posx>
		<posy>30</posy>
	</coordinates>
	<controls>
		<control type="image">
			<posx>0</posx>
			<posy>0</posy>
			<width>1000</width>
			<height>60</height>
			<texture border="5">DialogHeader.png</texture>
		</control>
		<control type="label" id="411">
			<description>header label</description>
			<posx>20</posx>
			<posy>0</posy>
			<include>WindowTitleCommons</include>
			<width>910</width>
			<label>$LOCALIZE[1023]</label>
		</control>
		<control type="group">
			<posx>930</posx>
			<posy>0</posy>
			<include>DialogCloseButtonCommons</include>
		</control>
		<control type="image">
			<posx>0</posx>
			<posy>60</posy>
			<width>1000</width>
			<height>840</height>
			<texture border="5">DialogBack.png</texture>
		</control>

		<control type="label" id="412">
			<description>path label</description>
			<posx>20</posx>
			<posy>80</posy>
			<width>960</width>
			<height>30</height>
			<align>center</align>
			<aligny>center</aligny>
			<font>font13_title</font>
			<haspath>true</haspath>
			<textcolor>black</textcolor>
		</control>
		<control type="list" id="450">
			<posx>20</posx>
			<posy>120</posy>
			<width>960</width>
			<height>650</height>
			<onleft>9000</onleft>
			<onright>60</onright>
			<onup>450</onup>
			<ondown>450</ondown>
			<pagecontrol>60</pagecontrol>
			<scrolltime>200</scrolltime>
			<itemlayout height="50" width="960">
				<control type="image">
					<posx>0</posx>
					<posy>0</posy>
					<width>960</width>
					<height>51</height>
					<texture border="5">MenuItemNF.png</texture>
				</control>
				<control type="image">
					<posx>10</posx>
					<posy>2</posy>
					<width>47</width>
					<height>47</height>
					<texture background="true">$INFO[ListItem.Icon]</texture>
				</control>
				<control type="label">
					<posx>70</posx>
					<posy>0</posy>
					<width>780</width>
					<height>50</height>
					<font>font13</font>
					<align>left</align>
					<aligny>center</aligny>
					<textcolor>black</textcolor>
					<selectedcolor>selected</selectedcolor>
					<label>$INFO[ListItem.Label]</label>
				</control>
			</itemlayout>
			<focusedlayout height="50" width="960">
				<control type="image">
					<posx>0</posx>
					<posy>0</posy>
					<width>960</width>
					<height>51</height>
					<texture border="5">MenuItemNF.png</texture>
				</control>
				<control type="image">
					<posx>10</posx>
					<posy>2</posy>
					<width>47</width>
					<height>47</height>
					<texture background="true">$INFO[ListItem.Icon]</texture>
				</control>
				<control type="label">
					<posx>70</posx>
					<posy>0</posy>
					<width>780</width>
					<height>50</height>
					<font>font13</font>
					<align>left</align>
					<aligny>center</aligny>
					<textcolor>black</textcolor>
					<selectedcolor>selected</selectedcolor>
					<label>$INFO[ListItem.Label]</label>
				</control>
			</focusedlayout>
		</control>
		<control type="label">
			<description>Page label</description>
			<posx>980</posx>
			<posy>780</posy>
			<width>660</width>
			<height>30</height>
			<align>right</align>
			<aligny>center</aligny>
			<font>font13</font>
			<textcolor>black</textcolor>
			<label>($INFO[Container(450).NumItems]) $LOCALIZE[31025] - $LOCALIZE[31024] ($INFO[Container(450).CurrentPage]/$INFO[Container(450).NumPages])</label>
			<visible>!Control.IsVisible(451)</visible>
		</control>
		<control type="panel" id="451">
			<posx>20</posx>
			<posy>120</posy>
			<width>960</width>
			<height>650</height>
			<onleft>9000</onleft>
			<onright>60</onright>
			<onup>451</onup>
			<ondown>451</ondown>
			<pagecontrol>60</pagecontrol>
			<scrolltime>200</scrolltime>
			<itemlayout height="250" width="320">
				<control type="image">
					<posx>10</posx>
					<posy>0</posy>
					<width>300</width>
					<height>220</height>
					<texture background="true">$INFO[ListItem.Icon]</texture>
					<bordertexture border="8">ThumbShadow.png</bordertexture>
					<bordersize>8</bordersize>
				</control>
				<control type="label">
					<posx>160</posx>
					<posy>220</posy>
					<width>300</width>
					<height>20</height>
					<font>font12</font>
					<textcolor>black</textcolor>
					<selectedcolor>selected</selectedcolor>
					<align>center</align>
					<aligny>center</aligny>
					<info>ListItem.Label</info>
				</control>
			</itemlayout>
			<focusedlayout height="250" width="320">
				<control type="image">
					<posx>10</posx>
					<posy>0</posy>
					<width>300</width>
					<height>220</height>
					<texture background="true">$INFO[ListItem.Icon]</texture>
					<bordertexture border="8">ThumbShadow.png</bordertexture>
					<bordersize>8</bordersize>
				</control>
				<control type="label">
					<posx>160</posx>
					<posy>220</posy>
					<width>300</width>
					<height>20</height>
					<font>font12</font>
					<textcolor>black</textcolor>
					<selectedcolor>selected</selectedcolor>
					<align>center</align>
					<aligny>center</aligny>
					<info>ListItem.Label</info>
				</control>
			</focusedlayout>
		</control>
		<control type="label">
			<description>Page label</description>
			<posx>980</posx>
			<posy>780</posy>
			<width>660</width>
			<height>30</height>
			<align>right</align>
			<aligny>center</aligny>
			<font>font13</font>
			<textcolor>black</textcolor>
			<label>($INFO[Container(451).NumItems]) $LOCALIZE[31025] - $LOCALIZE[31024] ($INFO[Container(451).CurrentPage]/$INFO[Container(451).NumPages])</label>
			<visible>Control.IsVisible(451)</visible>
		</control>
		<control type="grouplist" id="9000">
			<posx>20</posx>
			<posy>830</posy>
			<width>960</width>
			<height>50</height>
			<itemgap>5</itemgap>
			<align>center</align>
			<orientation>horizontal</orientation>
			<onleft>9000</onleft>
			<onright>9000</onright>
			<onup>50</onup>
			<ondown>49</ondown>
			<control type="button" id="413">
				<description>OK button</description>
				<width>200</width>
				<include>ButtonInfoDialogsCommonValues</include>
				<label>186</label>
			</control>
			<control type="button" id="414">
				<description>Cancel button</description>
				<width>200</width>
				<include>ButtonInfoDialogsCommonValues</include>
				<label>222</label>
			</control>
			<control type="button" id="415">
				<description>Create folder button</description>
				<width>200</width>
				<include>ButtonInfoDialogsCommonValues</include>
				<label>119</label>
			</control>
			<control type="radiobutton" id="416">
				<description>Flip Image button</description>
				<width>270</width>
				<align>left</align>
				<include>ButtonInfoDialogsCommonValues</include>
				<label>749</label>
			</control>
		</control>
	</controls>
</window>