<window type="dialog" id="2000">
	<defaultcontrol always="true">3</defaultcontrol>
	<include>Window_OpenClose_Animation_Zoom</include>
	<coordinates>
		<system>1</system>
		<posx>290</posx>
		<posy>80</posy>
	</coordinates>
	<controls>
		<control type="image">
			<description>Shadow Background for dialogs without BehindDialogFadeOut include</description>
			<posx>-30</posx>
			<posy>-30</posy>
			<width>760</width>
			<height>860</height>
			<texture border="30">DialogShadow.png</texture>
		</control>
		<control type="image">
			<posx>0</posx>
			<posy>0</posy>
			<width>700</width>
			<height>60</height>
			<texture border="5">DialogHeader.png</texture>
		</control>
		<control type="image">
			<posx>0</posx>
			<posy>60</posy>
			<width>700</width>
			<height>740</height>
			<texture border="5">DialogBack.png</texture>
		</control>
		<control type="label" id="1">
			<description>header label</description>
			<posx>20</posx>
			<posy>0</posy>
			<include>WindowTitleCommons</include>
			<width>600</width>
			<label>$LOCALIZE[13406]</label>
		</control>
		<control type="group">
			<posx>630</posx>
			<posy>0</posy>
			<include>DialogCloseButtonCommons</include>
		</control>
		<control type="list" id="3">
			<posx>0</posx>
			<posy>60</posy>
			<width>700</width>
			<height>650</height>
			<onup>3</onup>
			<ondown>3</ondown>
			<onleft>5</onleft>
			<onright>61</onright>
			<pagecontrol>-</pagecontrol>
			<scrolltime>200</scrolltime>
			<itemlayout height="60" width="700">
				<control type="image">
					<posx>0</posx>
					<posy>-2</posy>
					<width>700</width>
					<height>5</height>
					<texture>separator.png</texture>
				</control>
				<control type="label">
					<posx>20</posx>
					<posy>0</posy>
					<width>660</width>
					<height>60</height>
					<font>font13</font>
					<textcolor>black</textcolor>
					<selectedcolor>selected</selectedcolor>
					<align>left</align>
					<aligny>center</aligny>
					<label>$INFO[ListItem.Label]</label>
				</control>
			</itemlayout>
			<focusedlayout height="60" width="550">
				<control type="image">
					<posx>0</posx>
					<posy>-2</posy>
					<width>700</width>
					<height>5</height>
					<texture>separator.png</texture>
				</control>
				<control type="label">
					<posx>20</posx>
					<posy>0</posy>
					<width>660</width>
					<height>60</height>
					<font>font13</font>
					<textcolor>black</textcolor>
					<selectedcolor>selected</selectedcolor>
					<align>left</align>
					<aligny>center</aligny>
					<label>$INFO[ListItem.Label]</label>
				</control>
			</focusedlayout>
		</control>
		<control type="list" id="6">
			<posx>0</posx>
			<posy>60</posy>
			<width>700</width>
			<height>650</height>
			<onup>6</onup>
			<ondown>6</ondown>
			<onleft>5</onleft>
			<onright>61</onright>
			<pagecontrol>-</pagecontrol>
			<scrolltime>200</scrolltime>
			<itemlayout height="100" width="700">
				<control type="image">
					<posx>0</posx>
					<posy>-2</posy>
					<width>700</width>
					<height>5</height>
					<texture>separator.png</texture>
				</control>
				<control type="label">
					<posx>20</posx>
					<posy>5</posy>
					<width>550</width>
					<height>30</height>
					<font>font13</font>
					<textcolor>black</textcolor>
					<selectedcolor>selected</selectedcolor>
					<align>left</align>
					<aligny>center</aligny>
					<label>[B]$INFO[ListItem.Label][/B]</label>
				</control>
				<control type="textbox">
					<posx>30</posx>
					<posy>35</posy>
					<width>540</width>
					<height>60</height>
					<font>font12</font>
					<textcolor>black</textcolor>
					<align>left</align>
					<label>$INFO[ListItem.Property(Addon.Summary)]</label>
				</control>
				<control type="image">
					<posx>580</posx>
					<posy>5</posy>
					<width>100</width>
					<height>90</height>
					<texture>$INFO[Listitem.Icon]</texture>
					<bordertexture>ThumbBorderGrey.png</bordertexture>
					<bordersize>2</bordersize>
				</control>
			</itemlayout>
			<focusedlayout height="100" width="700">
				<control type="image">
					<posx>0</posx>
					<posy>-2</posy>
					<width>700</width>
					<height>5</height>
					<texture>separator.png</texture>
				</control>
				<control type="label">
					<posx>20</posx>
					<posy>5</posy>
					<width>550</width>
					<height>30</height>
					<font>font13</font>
					<textcolor>black</textcolor>
					<selectedcolor>selected</selectedcolor>
					<align>left</align>
					<aligny>center</aligny>
					<label>[B]$INFO[ListItem.Label][/B]</label>
				</control>
				<control type="textbox">
					<posx>30</posx>
					<posy>35</posy>
					<width>540</width>
					<height>60</height>
					<font>font12</font>
					<textcolor>black</textcolor>
					<align>left</align>
					<label>$INFO[ListItem.Property(Addon.Summary)]</label>
				</control>
				<control type="image">
					<posx>580</posx>
					<posy>5</posy>
					<width>100</width>
					<height>90</height>
					<texture>$INFO[Listitem.Icon]</texture>
					<bordertexture>ThumbBorderGrey.png</bordertexture>
					<bordersize>2</bordersize>
				</control>
			</focusedlayout>
		</control>
		<control type="label">
			<description>number of files/pages in list text label</description>
			<posx>680</posx>
			<posy>750</posy>
			<width>300</width>
			<height>30</height>
			<font>font13</font>
			<align>right</align>
			<aligny>center</aligny>
			<scroll>true</scroll>
			<textcolor>black</textcolor>
			<label>($INFO[Container(3).NumItems]) $LOCALIZE[31025] - $LOCALIZE[31024] ($INFO[Container(3).CurrentPage]/$INFO[Container(3).NumPages])</label>
			<visible>Control.IsVisible(3)</visible>
		</control>
		<control type="label">
			<description>number of files/pages in list text label</description>
			<posx>680</posx>
			<posy>750</posy>
			<width>300</width>
			<height>30</height>
			<font>font13</font>
			<align>right</align>
			<aligny>center</aligny>
			<scroll>true</scroll>
			<textcolor>black</textcolor>
			<label>($INFO[Container(6).NumItems]) $LOCALIZE[31025] - $LOCALIZE[31024] ($INFO[Container(6).CurrentPage]/$INFO[Container(6).NumPages])</label>
			<visible>Control.IsVisible(6)</visible>
		</control>
		<control type="button" id="5">
			<description>Manual button</description>
			<posx>20</posx>
			<posy>740</posy>
			<width>200</width>
			<include>ButtonInfoDialogsCommonValues</include>
			<label>186</label>
			<onleft>61</onleft>
			<onright>3</onright>
			<onup>3</onup>
			<ondown>3</ondown>
		</control>
	</controls>
</window>
