<window id="136">
	<defaultcontrol always="true">22</defaultcontrol>
	<allowoverlay>no</allowoverlay>
	<include>Window_OpenClose_Animation_Zoom</include>
	<coordinates>
		<system>1</system>
		<posx>140</posx>
		<posy>30</posy>
	</coordinates>
	<controls>
		<control type="group">
			<visible>!Window.IsVisible(smartplaylistrule)</visible>
			<include>VisibleFadeEffect</include>
			<control type="image">
				<posx>0</posx>
				<posy>0</posy>
				<width>1000</width>
				<height>60</height>
				<texture border="5">DialogHeader.png</texture>
			</control>
			<control type="label" id="2">
				<description>header label</description>
				<posx>20</posx>
				<posy>0</posy>
				<include>WindowTitleCommons</include>
				<width>910</width>
				<label>$LOCALIZE[21432]</label>
			</control>
			<control type="group">
				<posx>930</posx>
				<posy>0</posy>
				<include>DialogCloseButtonCommons</include>
			</control>
			<control type="image">
				<posx>0</posx>
				<posy>60</posy>
				<width>1000</width>
				<height>840</height>
				<texture border="5">DialogBack.png</texture>
			</control>
			<control type="spincontrolex" id="22">
				<description>Set Playlist type</description>
				<posx>20</posx>
				<posy>80</posy>
				<width>960</width>
				<height>50</height>
				<label>467</label>
				<font>font13</font>
				<textcolor>black</textcolor>
				<texturefocus>MenuItemNF.png</texturefocus>
				<texturenofocus>MenuItemNF.png</texturenofocus>
				<onright>22</onright>
				<onleft>22</onleft>
				<onup>9001</onup>
				<ondown>12</ondown>
			</control>
			<control type="label">
				<description>Name Label</description>
				<posx>20</posx>
				<posy>140</posy>
				<width>960</width>
				<height>20</height>
				<label>21433</label>
				<font>font13_title</font>
				<textcolor>black</textcolor>
				<align>center</align>
			</control>
			<control type="edit" id="12">
				<description>Name Button</description>
				<posx>20</posx>
				<posy>180</posy>
				<width>960</width>
				<height>50</height>
				<font>font13</font>
				<textcolor>black</textcolor>
				<align>center</align>
				<texturefocus>MenuItemNF.png</texturefocus>
				<texturenofocus>MenuItemNF.png</texturenofocus>
				<label>-</label>
				<onup>22</onup>
				<onleft>12</onleft>
				<onright>12</onright>
				<ondown>10</ondown>
			</control>
			<control type="label">
				<description>rules label</description>
				<posx>20</posx>
				<posy>240</posy>
				<width>960</width>
				<height>20</height>
				<label>21434</label>
				<font>font13_title</font>
				<textcolor>black</textcolor>
				<align>center</align>
			</control>
			<control type="list" id="10">
				<posx>20</posx>
				<posy>280</posy>
				<width>740</width>
				<height>250</height>
				<onup>9001</onup>
				<onleft>9000</onleft>
				<onright>60</onright>
				<ondown>12</ondown>
				<pagecontrol>60</pagecontrol>
				<scrolltime>200</scrolltime>
				<itemlayout height="50">
					<control type="image">
						<posx>0</posx>
						<posy>0</posy>
						<width>740</width>
						<height>51</height>
						<texture border="5">MenuItemNF.png</texture>
					</control>
					<control type="label">
						<posx>10</posx>
						<posy>0</posy>
						<width>720</width>
						<height>50</height>
						<font>font13</font>
						<align>left</align>
						<aligny>center</aligny>
						<textcolor>black</textcolor>
						<selectedcolor>selected</selectedcolor>
						<label>$INFO[ListItem.Label]</label>
					</control>
				</itemlayout>
				<focusedlayout height="50">
					<control type="image">
						<posx>0</posx>
						<posy>0</posy>
						<width>740</width>
						<height>51</height>
						<texture border="5">MenuItemNF.png</texture>
					</control>
					<control type="label">
						<posx>10</posx>
						<posy>0</posy>
						<width>720</width>
						<height>50</height>
						<font>font13</font>
						<align>left</align>
						<aligny>center</aligny>
						<textcolor>black</textcolor>
						<selectedcolor>selected</selectedcolor>
						<label>[COLOR=blue] > [/COLOR] $INFO[ListItem.Label]</label>
					</control>
				</focusedlayout>
			</control>
			<control type="group" id="9000">
				<posx>780</posx>
				<posy>280</posy>
				<control type="button" id="13">
					<description>Add Rule Button</description>
					<posx>0</posx>
					<posy>0</posy>
					<width>200</width>
					<height>50</height>
					<label>15019</label>
					<align>center</align>
					<aligny>center</aligny>
					<font>font12_title</font>
					<texturefocus border="5">IconBack-focus.png</texturefocus>
					<texturenofocus border="5">ListNF.png</texturenofocus>
					<pulseonselect>false</pulseonselect>
					<onup>18</onup>
					<onleft>60</onleft>
					<onright>10</onright>
					<ondown>13</ondown>
				</control>
				<control type="button" id="14">
					<description>Remove Rule Button</description>
					<posx>0</posx>
					<posy>55</posy>
					<width>200</width>
					<height>50</height>
					<label>1210</label>
					<align>center</align>
					<aligny>center</aligny>
					<font>font12_title</font>
					<texturefocus border="5">IconBack-focus.png</texturefocus>
					<texturenofocus border="5">ListNF.png</texturenofocus>
					<pulseonselect>false</pulseonselect>
					<onup>11</onup>
					<onleft>60</onleft>
					<onright>10</onright>
					<ondown>14</ondown>
				</control>
				<control type="button" id="15">
					<description>Edit Rule Button</description>
					<posx>0</posx>
					<posy>110</posy>
					<width>200</width>
					<height>50</height>
					<label>21435</label>
					<align>center</align>
					<aligny>center</aligny>
					<font>font12_title</font>
					<texturefocus border="5">IconBack-focus.png</texturefocus>
					<texturenofocus border="5">ListNF.png</texturenofocus>
					<pulseonselect>false</pulseonselect>
					<onup>13</onup>
					<onleft>60</onleft>
					<onright>10</onright>
					<ondown>12</ondown>
				</control>
			</control>

			<control type="label">
				<description>Options Label</description>
				<posx>20</posx>
				<posy>550</posy>
				<width>960</width>
				<height>20</height>
				<label>31325</label>
				<font>font13_title</font>
				<textcolor>black</textcolor>
				<align>center</align>
			</control>
			<control type="spincontrolex" id="16">
				<posx>20</posx>
				<posy>590</posy>
				<width>960</width>
				<height>50</height>
				<label>21424</label>
				<font>font13</font>
				<textcolor>black</textcolor>
				<texturefocus>MenuItemNF.png</texturefocus>
				<texturenofocus>MenuItemNF.png</texturenofocus>
				<onright>16</onright>
				<onleft>16</onleft>
				<onup>10</onup>
				<ondown>17</ondown>
			</control>

			<control type="spincontrolex" id="17">
				<posx>20</posx>
				<posy>645</posy>
				<width>960</width>
				<height>50</height>
				<label>21427</label>
				<font>font13</font>
				<textcolor>black</textcolor>
				<texturefocus>MenuItemNF.png</texturefocus>
				<texturenofocus>MenuItemNF.png</texturenofocus>
				<onright>17</onright>
				<onleft>17</onleft>
				<onup>16</onup>
				<ondown>18</ondown>
			</control>

			<control type="spincontrolex" id="18">
				<posx>20</posx>
				<posy>700</posy>
				<width>750</width>
				<height>50</height>
				<label>21429</label>
				<font>font13</font>
				<textcolor>black</textcolor>
				<texturefocus>MenuItemNF.png</texturefocus>
				<texturenofocus>MenuItemNF.png</texturenofocus>
				<onright>19</onright>
				<onleft>19</onleft>
				<onup>17</onup>
				<ondown>9001</ondown>
			</control>

			<control type="togglebutton" id="19">
				<posx>780</posx>
				<posy>700</posy>
				<width>200</width>
				<height>50</height>
				<font>font12_title</font>
				<align>center</align>
				<aligny>center</aligny>
				<texturefocus border="5">IconBack-focus.png</texturefocus>
				<texturenofocus border="5">ListNF.png</texturenofocus>
				<alttexturefocus border="5">IconBack-focus.png</alttexturefocus>
				<alttexturenofocus border="5">ListNF.png</alttexturenofocus>
				<label>21431</label>
				<altlabel>21430</altlabel>
				<onright>18</onright>
				<onleft>18</onleft>
				<onup>17</onup>
				<ondown>9001</ondown>
			</control>
			<control type="grouplist" id="9002">
				<posx>20</posx>
				<posy>830</posy>
				<width>960</width>
				<height>50</height>
				<itemgap>20</itemgap>
				<align>center</align>
				<orientation>horizontal</orientation>
				<onleft>9000</onleft>
				<onright>9000</onright>
				<onup>50</onup>
				<ondown>49</ondown>
				<control type="button" id="20">
					<description>OK Button</description>
					<width>200</width>
					<include>ButtonInfoDialogsCommonValues</include>
					<label>186</label>
				</control>
				<control type="button" id="21">
					<description>Cancel Button</description>
					<width>200</width>
					<include>ButtonInfoDialogsCommonValues</include>
					<label>222</label>
				</control>
			</control>
		</control>
	</controls>
</window>