<?xml version="1.0" encoding="UTF-8"?>
<addon
  id="skin.touched-gotham"
  version="1.1.2"
  name="Touched-gotham"
  provider-name="Jezz_X">
  <requires>
    <import addon="xbmc.gui" version="5.0.0"/>
  </requires>
  <extension
    point="xbmc.gui.skin"
    defaultthemename="textures.xbt"
    debugging="false">
    <res width="1280" height="960" aspect="4:3" default="true" folder="4x3Hirez" />
  </extension>
  <extension point="xbmc.addon.metadata">
    <summary lang="en">Touched skin by Jezz_X designed to be used on touch screen devices</summary>
    <summary lang="se">Touched skin av Jezz_X utformat för att användas på pekskärmsenheter</summary>
    <summary lang="zh">由Jezz_X设计用于触屏设备的Touched皮肤</summary>
    <description lang="en">Skin designed from the ground up to be used on touch screen devices like the iPad</description>
    <description lang="se">Skal utformat från grunden för att användas på pekskärmsenheter som till exempel iPad</description>
    <description lang="zh">完全为用于类似iPad的触屏设备而设计的皮肤</description>
    <disclaimer lang="en">Do not use this skin unless you have either touch screen or a mouse connected or you may lose navigation</disclaimer>
	<summary lang="ru">Обложка Touched. Автор: Jezz_X. Русская вирт.клавиатура - дизайн kostya4000.</summary>
    <disclaimer lang="se">Använd inte detta skal om du inte har endera en pekskärmsenhet eller om mus, annars kan navigeringen sluta fungera</disclaimer>
    <disclaimer lang="zh">在非触屏且没有鼠标控制的情况下使用此皮肤会造成无法控制设备</disclaimer>
    <platform>all</platform>
  </extension>
</addon>
