<window id="4000" type="window">
    <defaultcontrol always="false">1000</defaultcontrol>
    <allowoverlay>yes</allowoverlay>
    <backgroundcolor>ff000000</backgroundcolor>
    <visible>true</visible>
    <zorder>0</zorder>
    <previouswindow></previouswindow>
    <useincludes>false</useincludes>
    
    <controls>
    	<!-- Main background image -->
    	<control type="image">
            <description>Main background image</description>
            <posx></posx>
            <posy></posy>
            <width>1280</width>
            <height>720</height>
            <visible>true</visible>
            <colordiffuse>FFFFFFFF</colordiffuse>
            <fadetime>200</fadetime>
            <texture border="5" flipy="false" flipx="false">background.png</texture>
            <aspectratio>stretch</aspectratio>
        </control>

        <!-- Menu -->
        <control type="group" id='200'>
            <description>Main Menu</description>
            <defaultcontrol>201</defaultcontrol>
            <visible>true</visible>
            <posx>165</posx>
            <posy>20</posy>
            <width>950</width>
            <height>70</height>
            <zorder>5</zorder>

            <control type="image">
                <description>Main menu background</description>
                <posx></posx>
                <posy></posy>
                <width>950</width>
                <height>70</height>
                <visible>true</visible>
                <colordiffuse>FFFFFFFF</colordiffuse>
                <fadetime>200</fadetime>
                <texture border="5" flipy="false" flipx="false">menu-background.png</texture>
                <aspectratio>stretch</aspectratio>
            </control>

            <control type="grouplist" id="210">
                <description>Main menu options</description>
                <posx>170</posx>
                <posy>1</posy>
                <width>745</width>
                <height>70</height>
                <itemgap>8</itemgap>
                <pagecontrol>25</pagecontrol>
                <scrolltime tween="sine" easing="out">200</scrolltime>
                <orientation>horizontal</orientation>
                <usecontrolcoords>false</usecontrolcoords>
                <visible>true</visible>

                <control type="togglebutton" id="215">
                    <include>docu_topmenu_option</include>
                    <visible>true</visible>
                    <label>ФИЛЬМЫ</label>
                    <!-- $VAR[] || Control.HasFocus()-->
                    <usealttexture>StringCompare(Container.Property(MainActiveTab), films)</usealttexture>
                </control>
                <control type="togglebutton" id="216">
                    <include>docu_topmenu_option</include>
                    <visible>true</visible>
                    <label>СЕРИАЛЫ</label>
                    <usealttexture>StringCompare(Container.Property(MainActiveTab), serials)</usealttexture>
                </control>
                <control type="togglebutton" id="217">
                    <include>docu_topmenu_option</include>
                    <visible>true</visible>
                    <label>ПОИСК</label>
                    <usealttexture>StringCompare(Container.Property(MainActiveTab), search)</usealttexture>
                </control>
                <control type="togglebutton" id="220">
                    <include>docu_topmenu_option</include>
                    <visible>true</visible>
                    <posx>200</posx>
                    <label>ВЫХОД</label>
                </control>
            </control>
        </control>

        <!-- View Content Group -->
        <control type="group" id="1000">
            <description>View Content Group</description>
            <defaultcontrol></defaultcontrol>
            <visible>true</visible>
            <posx>165</posx>
            <posy>100</posy>
            <width>950</width>
            <height>560</height>

            <control type="image">
                <description>Anounce window</description>
                <width>950</width>
                <height>560</height>
                <visible>true</visible>
                <colordiffuse>FFFFFFFF</colordiffuse>
                <fadetime>200</fadetime>
                <texture border="5" flipy="false" flipx="false">center-background.png</texture>
                <aspectratio>stretch</aspectratio>
            </control>

            <!-- Login container -->
            <control type="group" id="1800">
                <description>Index container</description>
                <defaultcontrol>1000</defaultcontrol>
                <visible>StringCompare(Container.Property(Page), login)</visible>
                <posx>0</posx>
                <posy>0</posy>
                <control type="edit" id="1810">
                      <description>Login</description>
                      <posx>250</posx>
                      <posy>100</posy>
                      <width>450</width>
                      <height>60</height>
                      <visible>true</visible>
                      <aligny>center</aligny>
                      <label>Пользователь : </label>
                      <hinttext></hinttext>
                      <font>font14</font>
                      <textcolor>FFB2D4F5</textcolor>
                </control>

                <control type="edit" id="1811">
                      <description>Password</description>
                      <posx>250</posx>
                      <posy>180</posy>
                      <width>450</width>
                      <height>60</height>
                      <visible>true</visible>
                      <aligny>center</aligny>
                      <label>Пароль : </label>
                      <hinttext></hinttext>
                      <font>font14</font>
                      <textcolor>FFB2D4F5</textcolor>
                </control>

                <control type="button" id="1812">
                    <visible>true</visible>
                    <label>отправить</label>
                    <posy>260</posy>
                    <posx>330</posx>
                    <height>60</height>
                    <alignx>center</alignx>
                    <!-- $VAR[] || Control.HasFocus()-->
                </control>
            </control>

            <!-- Index container -->
            <control type="group" id="1200">
                <description>Index container</description>
                <defaultcontrol>1000</defaultcontrol>
                <visible>StringCompare(Container.Property(Page), index)</visible>
                <posx>0</posx>
                <posy>0</posy>
                <control type="multiimage" id="6534">
                      <description>My first slideshow control</description>
                      <posx>250</posx>
                      <posy>10</posy>
                      <width>690</width>
                      <height>388</height>
                      <visible>true</visible>
                      <imagepath>sliders/</imagepath>
                      <info>1</info>
                      <timeperimage>5000</timeperimage>
                      <fadetime>2000</fadetime>
                      <pauseatend>5000</pauseatend>
                      <randomize>true</randomize>
                      <loop>yes</loop>
                      <aspectratio>scale</aspectratio>
                </control>
            </control>


            <!-- Films container -->
            <control type="group" id="1300">
                <description>New stuff view</description>
                <defaultcontrol>1000</defaultcontrol>
                <visible>StringCompare(Container.Property(Page), films)</visible>
                <posx>0</posx>
                <posy>0</posy>
            
                <!-- Movie list -->
                <control type="panel" id="1301">
                    <include>docu_albumgrid</include>
                    <description>New Stuff</description>
                    <pagecontrol>1302</pagecontrol>
                    <posx>0</posx>
                    <posy>20</posy>
                </control>
                
                <!-- Scrollbar -->
                <control type="scrollbar" id="1302">
                    <include>docu_scrollbar</include>
                    <posx>941</posx>
                    <posy>20</posy>
                    <width>8</width>
                    <height>505</height>
                </control>
            </control>

            <!-- Serials container -->
            <control type="group" id="1400">
                <description>New stuff view</description>
                <defaultcontrol>1000</defaultcontrol>
                <visible>StringCompare(Container.Property(Page), serials)</visible>
                <posx>0</posx>
                <posy>0</posy>
            
                <!-- Movie list -->
                <control type="panel" id="1401">
                    <include>docu_albumgrid</include>
                    <description>New Stuff</description>
                    <pagecontrol>1402</pagecontrol>
                    <posx>0</posx>
                    <posy>20</posy>
                </control>
                
                <!-- Scrollbar -->
                <control type="scrollbar" id="1402">
                    <include>docu_scrollbar</include>
                    <posx>941</posx>
                    <posy>20</posy>
                    <width>8</width>
                    <height>505</height>
                </control>
            </control>

            <!-- View serial container -->
            <control type="group" id="1500">
                <description>New stuff view</description>
                <defaultcontrol>1000</defaultcontrol>
                <visible>StringCompare(Container.Property(Page), view_serial)</visible>
                <posx>0</posx>
                <posy>0</posy>
            
                <control type="image" id="1501">
                    <description>Serial poster</description>
                    <width>163</width>
                    <height>202</height>
                    <visible>true</visible>
                    <posx>20</posx>
                    <posy>20</posy>
                </control>

                <control type="label" id="1502">
                    <posx>200</posx>
                    <posy>20</posy>
                    <width>500</width>
                    <height>25</height>
                    <aligny>center</aligny>
                    <align>left</align>
                    <label>title</label>
                    <textcolor>ffffffff</textcolor>
                    <shadowcolor>00000000</shadowcolor>
                    <visible>true</visible>
                    <font>font35_title</font>
                </control>

                <control type="label" id="1503">
                    <posx>200</posx>
                    <posy>55</posy>
                    <width>500</width>
                    <height>20</height>
                    <aligny>center</aligny>
                    <align>left</align>
                    <label>title</label>
                    <textcolor>ffCCCCCC</textcolor>
                    <shadowcolor>00CCCCCC</shadowcolor>
                    <visible>true</visible>
                    <font>font24_title</font>
                </control>

                <!-- Movie list -->
                <control type="panel" id="1504">
                    <include>docu_albumgrid_serial</include>
                    <description>Season videos</description>
                    <pagecontrol>1505</pagecontrol>
                    <posx>0</posx>
                    <posy>240</posy>
                </control>
                
                <!-- Scrollbar -->
                <control type="scrollbar" id="1505">
                    <include>docu_scrollbar</include>
                    <posx>941</posx>
                    <posy>240</posy>
                    <width>8</width>
                    <height>300</height>
                </control>
            </control>

            <!-- Search container -->
            <control type="group" id="1600">
                <description>New stuff view</description>
                <defaultcontrol>1000</defaultcontrol>
                <visible>StringCompare(Container.Property(Page), "search")</visible>
                <posx>0</posx>
                <posy>0</posy>
            
                <!-- Movie list -->
                <control type="panel" id="1601">
                    <include>docu_albumgrid</include>
                    <description>New Stuff</description>
                    <pagecontrol>1602</pagecontrol>
                    <posx>0</posx>
                    <posy>20</posy>
                </control>
                
                <!-- Scrollbar -->
                <control type="scrollbar" id="1602">
                    <include>docu_scrollbar</include>
                    <posx>941</posx>
                    <posy>20</posy>
                    <width>8</width>
                    <height>505</height>
                </control>
            </control>
        </control>

        <!-- View Content Group -->
        <control type="group" id="1900">
            <description>Pagination menu</description>
            <defaultcontrol>1000</defaultcontrol>
            <visible>StringCompare(Container.Property(Page), films) | StringCompare(Container.Property(Page), serials) | StringCompare(Container.Property(Page), search)</visible>
            <posx>165</posx>
            <posy>670</posy>
            <width>950</width>
            <height>70</height>
            <!-- Page list -->
            <control type="list" id="1901">
                <include>docu_pagination</include>
                <description>Pagination</description>
                <pagecontrol>-</pagecontrol>
                <posx>0</posx>
                <posy>0</posy>
            </control>
        </control>

    </controls>
</window>
